{
  "convergence": {
    "theoretical": {
      "v_star": 0.03,
      "q_star": 0.0564373897707231,
      "theta": 0.03,
      "Delta": 91.75,
      "S_P_min": 0.0
    },
    "simulated": [
      {
        "seed": 0,
        "fraud_rate": 0.0072,
        "detection_rate": 0.125,
        "total_jobs": 10000,
        "total_frauds": 72,
        "welfare": 1485579.997918895,
        "fraud_rate_history": [
          0.0,
          0.0,
          0.0,
          0.0,
          0.0,
          0.05,
          0.0,
          0.0,
          0.0,
          0.0,
          0.0,
          0.0,
          0.0,
          0.0,
          0.0,
          0.0,
          0.05,
          0.0,
          0.0,
          0.0,
          0.0,
          0.0,
          0.0,
          0.0,
          0.0,
          0.0,
          0.0,
          0.0,
          0.0,
          0.0,
          0.0,
          0.0,
          0.0,
          0.0,
          0.0,
          0.0,
          0.0,
          0.0,
          0.05,
          0.0,
          0.05,
          0.0,
          0.0,
          0.0,
          0.0,
          0.0,
          0.0,
          0.0,
          0.0,
          0.0
        ]
      },
      {
        "seed": 1,
        "fraud_rate": 0.004,
        "detection_rate": 0.25,
        "total_jobs": 10000,
        "total_frauds": 40,
        "welfare": 1487609.847835741,
        "fraud_rate_history": [
          0.0,
          0.0,
          0.05,
          0.05,
          0.0,
          0.0,
          0.0,
          0.0,
          0.0,
          0.0,
          0.0,
          0.0,
          0.0,
          0.0,
          0.0,
          0.0,
          0.0,
          0.0,
          0.0,
          0.0,
          0.0,
          0.0,
          0.0,
          0.0,
          0.0,
          0.0,
          0.0,
          0.05,
          0.0,
          0.0,
          0.0,
          0.0,
          0.0,
          0.05,
          0.0,
          0.0,
          0.05,
          0.0,
          0.0,
          0.0,
          0.0,
          0.0,
          0.0,
          0.0,
          0.0,
          0.0,
          0.0,
          0.0,
          0.0,
          0.0
        ]
      },
      {
        "seed": 2,
        "fraud_rate": 0.0049,
        "detection_rate": 0.1836734693877551,
        "total_jobs": 10000,
        "total_frauds": 49,
        "welfare": 1488742.3397266525,
        "fraud_rate_history": [
          0.0,
          0.0,
          0.0,
          0.0,
          0.0,
          0.0,
          0.0,
          0.0,
          0.0,
          0.0,
          0.0,
          0.0,
          0.0,
          0.0,
          0.0,
          0.0,
          0.0,
          0.0,
          0.0,
          0.0,
          0.0,
          0.0,
          0.0,
          0.0,
          0.0,
          0.0,
          0.0,
          0.0,
          0.0,
          0.0,
          0.0,
          0.0,
          0.0,
          0.0,
          0.0,
          0.0,
          0.0,
          0.0,
          0.05,
          0.0,
          0.0,
          0.05,
          0.0,
          0.0,
          0.0,
          0.0,
          0.0,
          0.0,
          0.0,
          0.0
        ]
      },
      {
        "seed": 3,
        "fraud_rate": 0.0055,
        "detection_rate": 0.10909090909090909,
        "total_jobs": 10000,
        "total_frauds": 55,
        "welfare": 1486546.5923727932,
        "fraud_rate_history": [
          0.0,
          0.0,
          0.0,
          0.1,
          0.0,
          0.0,
          0.0,
          0.0,
          0.0,
          0.0,
          0.0,
          0.0,
          0.0,
          0.0,
          0.0,
          0.0,
          0.0,
          0.05,
          0.0,
          0.0,
          0.0,
          0.0,
          0.05,
          0.0,
          0.05,
          0.0,
          0.0,
          0.0,
          0.0,
          0.0,
          0.0,
          0.0,
          0.0,
          0.0,
          0.0,
          0.0,
          0.0,
          0.0,
          0.0,
          0.0,
          0.0,
          0.0,
          0.0,
          0.05,
          0.0,
          0.0,
          0.0,
          0.0,
          0.05,
          0.0
        ]
      },
      {
        "seed": 4,
        "fraud_rate": 0.0087,
        "detection_rate": 0.034482758620689655,
        "total_jobs": 10000,
        "total_frauds": 87,
        "welfare": 1484399.1801612698,
        "fraud_rate_history": [
          0.0,
          0.0,
          0.0,
          0.05,
          0.0,
          0.0,
          0.0,
          0.0,
          0.0,
          0.0,
          0.05,
          0.05,
          0.05,
          0.05,
          0.0,
          0.0,
          0.0,
          0.0,
          0.0,
          0.0,
          0.0,
          0.0,
          0.0,
          0.05,
          0.0,
          0.0,
          0.0,
          0.0,
          0.0,
          0.0,
          0.0,
          0.0,
          0.0,
          0.0,
          0.0,
          0.0,
          0.0,
          0.0,
          0.0,
          0.0,
          0.0,
          0.0,
          0.0,
          0.0,
          0.0,
          0.15,
          0.0,
          0.0,
          0.0,
          0.05
        ]
      }
    ],
    "statistics": {
      "fraud_rate_mean": 0.00606,
      "fraud_rate_std": 0.0016835676404587964,
      "fraud_rate_min": 0.004,
      "fraud_rate_max": 0.0087,
      "deviation_from_theory": 0.0503773897707231
    }
  },
  "sensitivity": {
    "S_P_min": {
      "values": [
        10.0,
        30.714285714285715,
        51.42857142857143,
        72.14285714285714,
        92.85714285714286,
        113.57142857142858,
        134.28571428571428,
        155.0,
        175.71428571428572,
        196.42857142857144,
        217.14285714285717,
        237.85714285714286,
        258.57142857142856,
        279.2857142857143,
        300.0
      ],
      "q_star": [
        0.0564373897707231,
        0.0564373897707231,
        0.0564373897707231,
        0.0564373897707231,
        0.0564373897707231,
        0.0564373897707231,
        0.0564373897707231,
        0.0564373897707231,
        0.0564373897707231,
        0.0564373897707231,
        0.0564373897707231,
        0.0564373897707231,
        0.0564373897707231,
        0.0564373897707231,
        0.0564373897707231
      ],
      "v_star": [
        0.03,
        0.03,
        0.03,
        0.03,
        0.03,
        0.03,
        0.03,
        0.03,
        0.03,
        0.03,
        0.03,
        0.03,
        0.03,
        0.03,
        0.03
      ],
      "Delta": [
        91.75,
        91.75,
        91.75,
        91.75,
        91.75,
        91.75,
        91.75,
        91.75,
        91.75,
        91.75,
        91.75,
        91.75,
        91.75,
        91.75,
        91.75
      ],
      "S_P_min": [
        0.0,
        0.0,
        0.0,
        0.0,
        0.0,
        0.0,
        0.0,
        0.0,
        0.0,
        0.0,
        0.0,
        0.0,
        0.0,
        0.0,
        0.0
      ]
    },
    "p_w": {
      "values": [
        0.5,
        0.55,
        0.6,
        0.65,
        0.7,
        0.75,
        0.8,
        0.8500000000000001,
        0.9,
        0.95,
        1.0
      ],
      "q_star": [
        0.08465608465608465,
        0.08020050125313283,
        0.0761904761904762,
        0.07256235827664399,
        0.06926406926406926,
        0.06625258799171843,
        0.06349206349206349,
        0.06095238095238095,
        0.05860805860805861,
        0.0564373897707231,
        0.05442176870748299
      ],
      "v_star": [
        0.03,
        0.03,
        0.03,
        0.03,
        0.03,
        0.03,
        0.03,
        0.03,
        0.03,
        0.03,
        0.03
      ],
      "Delta": [
        44.5,
        49.75000000000001,
        55.0,
        60.25,
        65.5,
        70.75,
        76.0,
        81.25000000000001,
        86.5,
        91.75,
        97.0
      ],